{
  "version": "2020.2",
  "applications": [],
  "platforms": [
    {
      "name": "Colors-Tester-Design-Plat"
    }
  ],
  "systems": [
    {
      "name": "Colors-Tester-Design-App_system",
      "platform": "/home/timothystotts/Workareas/GitHub/Colors-Tester-Design-AXI-Ws/Colors-Tester-Design-Plat/export/Colors-Tester-Design-Plat/Colors-Tester-Design-Plat.xpfm",
      "sysConfig": "Colors-Tester-Design-Plat",
      "buildConfig": "Debug",
      "applications": [
        {
          "name": "Colors-Tester-Design-App",
          "platform": "/home/timothystotts/Workareas/GitHub/Colors-Tester-Design-AXI-Ws/Colors-Tester-Design-Plat/export/Colors-Tester-Design-Plat/Colors-Tester-Design-Plat.xpfm",
          "platformPath": "/home/timothystotts/Workareas/GitHub/Colors-Tester-Design-AXI-Ws/Colors-Tester-Design-Plat/export/Colors-Tester-Design-Plat",
          "sysConfig": "Colors-Tester-Design-Plat",
          "domain": "standalone_domain",
          "system": "Colors-Tester-Design-App_system"
        }
      ],
      "platformPath": "/home/timothystotts/Workareas/GitHub/Colors-Tester-Design-AXI-Ws/Colors-Tester-Design-Plat/export/Colors-Tester-Design-Plat"
    }
  ],
  "others": []
}